epoch,time,train/box_loss,train/cls_loss,train/dfl_loss,metrics/precision(B),metrics/recall(B),metrics/mAP50(B),metrics/mAP50-95(B),val/box_loss,val/cls_loss,val/dfl_loss,lr/pg0,lr/pg1,lr/pg2
1,13.8305,3.92166,5.09463,2.40588,0.03216,0.08354,0.0258,0.01323,3.48598,5.42146,1.90918,0.1,0,0
2,25.0242,3.90608,5.1347,2.41962,0.03173,0.08525,0.02448,0.01126,3.50707,5.38898,1.92049,0.0990996,9.955e-05,9.955e-05
3,36.8104,4.00113,5.13331,2.54225,0.04161,0.09535,0.02922,0.01338,3.5317,5.37932,1.93554,0.0981982,0.0001982,0.0001982
4,48.3721,3.60078,5.05095,2.32088,0.04258,0.10545,0.03147,0.01475,3.5586,5.38091,1.94473,0.097296,0.00029595,0.00029595
5,59.4923,4.1046,5.06749,2.60876,0.02512,0.09253,0.02597,0.00966,3.50539,5.37908,1.92157,0.0963928,0.0003928,0.0003928
6,69.9223,3.81944,4.91414,2.35638,0.01816,0.10535,0.02075,0.00636,3.47097,5.3438,1.92488,0.0954888,0.00048875,0.00048875
7,80.9785,3.8223,4.93652,2.36058,0.01082,0.03414,0.01471,0.00532,3.53191,5.3131,1.94974,0.0945838,0.0005838,0.0005838
8,90.7892,3.47296,4.79477,2.20109,0.00709,0.03697,0.01447,0.00403,3.58557,5.2798,2.00405,0.093678,0.00067795,0.00067795
9,100.458,3.59474,4.82593,2.24637,0.00789,0.03414,0.01209,0.00369,3.52465,5.29019,2.00057,0.0927712,0.0007712,0.0007712
10,109.656,3.26724,4.65863,1.98344,0.00934,0.03977,0.01542,0.00409,3.49899,5.19675,1.98466,0.0918636,0.00086355,0.00086355
11,119.324,3.30843,4.67443,1.99759,0.00958,0.04704,0.0175,0.00589,3.43541,5.08526,1.94654,0.090955,0.000955,0.000955
12,128.392,3.26179,4.43432,2.06709,0.01453,0.04782,0.02061,0.00628,3.29884,4.93369,1.83209,0.0900456,0.00104555,0.00104555
13,138.168,3.26813,4.38258,1.97755,0.01849,0.04825,0.02037,0.00664,3.3723,4.80104,1.86839,0.0891352,0.0011352,0.0011352
14,149.403,3.1221,4.14821,1.86877,0.02536,0.08111,0.0258,0.00971,3.22479,4.40388,1.72012,0.088224,0.00122395,0.00122395
15,160.937,3.34705,3.97962,1.95366,0.02892,0.13713,0.03516,0.01248,3.31608,4.26629,1.75362,0.0873118,0.0013118,0.0013118
16,171.11,3.13345,3.91917,1.88402,0.02412,0.09419,0.03869,0.01501,3.48935,4.1155,1.83767,0.0863988,0.00139875,0.00139875
17,182.395,3.05006,3.67443,1.80039,0.03213,0.09215,0.03511,0.01448,3.55876,4.06693,1.82084,0.0854848,0.0014848,0.0014848
18,193.841,2.90801,3.57787,1.74546,0.03213,0.09215,0.03511,0.01448,3.55876,4.06693,1.82084,0.08457,0.00156995,0.00156995
19,204.823,3.01814,3.62057,1.82379,0.64323,0.04397,0.03173,0.01569,3.42398,4.61746,1.77903,0.0836542,0.0016542,0.0016542
20,217.749,3.05089,3.38676,1.75812,0.64323,0.04397,0.03173,0.01569,3.42398,4.61746,1.77903,0.0827376,0.00173755,0.00173755
21,228.456,3.08413,3.55539,1.82197,0.03757,0.1414,0.05636,0.02574,2.97031,3.77788,1.61297,0.08182,0.00182,0.00182
22,239.012,2.80667,3.28158,1.65635,0.03757,0.1414,0.05636,0.02574,2.97031,3.77788,1.61297,0.0809016,0.00190155,0.00190155
23,248.676,2.69247,3.27951,1.62388,0.05008,0.11855,0.06613,0.02836,3.11076,3.83742,1.73067,0.0799822,0.0019822,0.0019822
24,259.323,2.96242,3.37963,1.77031,0.05008,0.11855,0.06613,0.02836,3.11076,3.83742,1.73067,0.079062,0.00206195,0.00206195
25,269.895,2.74098,3.26149,1.61354,0.12051,0.11538,0.06776,0.02779,2.85417,5.32402,1.58418,0.0781408,0.0021408,0.0021408
26,280.894,2.8705,3.27144,1.67684,0.12051,0.11538,0.06776,0.02779,2.85417,5.32402,1.58418,0.0772188,0.00221875,0.00221875
27,292.75,2.7726,3.06379,1.63005,0.29442,0.08861,0.04761,0.02076,3.00527,5.57543,1.64374,0.0762958,0.0022958,0.0022958
28,304.349,2.72047,3.02449,1.59905,0.29442,0.08861,0.04761,0.02076,3.00527,5.57543,1.64374,0.075372,0.00237195,0.00237195
29,316.025,2.59931,2.96262,1.6424,0.16564,0.13285,0.05367,0.02316,2.70991,5.53588,1.46031,0.0744472,0.0024472,0.0024472
30,328.281,2.44671,2.71831,1.57324,0.16564,0.13285,0.05367,0.02316,2.70991,5.53588,1.46031,0.0735216,0.00252155,0.00252155
31,346.036,2.48172,2.84682,1.52766,0.2973,0.07294,0.05249,0.02708,2.4486,8.25222,1.39064,0.072595,0.002595,0.002595
32,361.14,2.60664,2.84911,1.53807,0.2973,0.07294,0.05249,0.02708,2.4486,8.25222,1.39064,0.0716675,0.00266755,0.00266755
33,374.635,2.49027,2.80963,1.51457,0.1041,0.20225,0.1004,0.05233,2.53066,9.01145,1.35999,0.0707392,0.0027392,0.0027392
34,388.368,2.71597,2.93922,1.74469,0.1081,0.23172,0.10825,0.05825,2.53066,9.01145,1.35999,0.0698099,0.00280995,0.00280995
35,402.624,2.5138,2.74929,1.52949,0.17831,0.1348,0.08974,0.04433,2.29161,7.93298,1.28909,0.0688798,0.0028798,0.0028798
36,417.894,2.60749,2.6623,1.48954,0.17709,0.16614,0.09573,0.04695,2.29161,7.93298,1.28909,0.0679488,0.00294875,0.00294875
37,430.768,2.29873,2.57818,1.51978,0.49961,0.12048,0.11347,0.06338,2.27231,5.7701,1.31203,0.0670168,0.0030168,0.0030168
38,443.019,2.26238,2.47034,1.50367,0.49961,0.12048,0.11347,0.06338,2.27231,5.7701,1.31203,0.066084,0.00308395,0.00308395
39,456.001,2.38287,2.62316,1.50457,0.33359,0.20269,0.1137,0.0511,2.25972,5.70515,1.33842,0.0651502,0.0031502,0.0031502
40,467.87,2.54727,2.66691,1.42585,0.33359,0.20269,0.1137,0.0511,2.25972,5.70515,1.33842,0.0642156,0.00321555,0.00321555
41,480.694,2.25023,2.34047,1.42258,0.28835,0.16487,0.10776,0.05384,2.40904,6.385,1.32715,0.06328,0.00328,0.00328
42,493.356,2.30964,2.41169,1.44459,0.28545,0.13056,0.09643,0.04945,2.40904,6.385,1.32715,0.0623435,0.00334355,0.00334355
43,507.826,2.28512,2.3989,1.38764,0.25802,0.16619,0.12085,0.06318,2.13785,3.73958,1.27736,0.0614062,0.0034062,0.0034062
44,520.548,2.1551,2.25337,1.37885,0.25802,0.16619,0.12085,0.06318,2.13785,3.73958,1.27736,0.060468,0.00346795,0.00346795
45,532.668,2.25359,2.41501,1.40322,0.32886,0.17062,0.14626,0.08005,2.23913,5.11686,1.2834,0.0595288,0.0035288,0.0035288
46,545.648,2.21603,2.35285,1.39234,0.32886,0.17062,0.14626,0.08005,2.23913,5.11686,1.2834,0.0585888,0.00358875,0.00358875
47,559.002,2.32453,2.43945,1.46337,0.24626,0.0628,0.04901,0.02166,2.92325,11.2472,1.6103,0.0576478,0.0036478,0.0036478
48,571.923,2.32665,2.21838,1.47428,0.24273,0.05124,0.04676,0.01907,2.92325,11.2472,1.6103,0.056706,0.00370595,0.00370595
49,585.802,2.31145,2.31007,1.40491,0.41718,0.12369,0.12553,0.0659,2.32851,5.15196,1.3558,0.0557632,0.0037632,0.0037632
50,600.232,2.08187,2.16863,1.39253,0.41718,0.12369,0.12553,0.0659,2.32851,5.15196,1.3558,0.0548196,0.00381955,0.00381955
51,613.77,2.09546,2.11657,1.40326,0.38661,0.23005,0.15912,0.07795,2.09963,4.63088,1.23877,0.053875,0.003875,0.003875
52,627.434,2.12978,2.04572,1.3852,0.38266,0.2728,0.17464,0.08362,2.09963,4.63088,1.23877,0.0529295,0.00392955,0.00392955
53,642.374,2.21608,2.21748,1.44463,0.38661,0.23005,0.15912,0.07795,2.09963,4.63088,1.23877,0.0519832,0.0039832,0.0039832
54,655.452,2.12849,2.17825,1.39822,0.41561,0.23716,0.18466,0.0942,2.03315,3.53242,1.22223,0.051036,0.00403595,0.00403595
55,669.569,2.12659,2.16596,1.2984,0.41561,0.23716,0.18466,0.0942,2.03315,3.53242,1.22223,0.0500878,0.0040878,0.0040878
56,682.58,2.00846,2.17989,1.30076,0.41561,0.23716,0.18466,0.0942,2.03315,3.53242,1.22223,0.0491388,0.00413875,0.00413875
57,693.978,2.06847,2.15208,1.35481,0.35739,0.24288,0.19023,0.09436,1.93041,2.83603,1.18959,0.0481888,0.0041888,0.0041888
58,705.842,2.24189,2.16883,1.32468,0.35739,0.24288,0.19023,0.09436,1.93041,2.83603,1.18959,0.047238,0.00423795,0.00423795
59,717.614,2.37565,2.28521,1.35652,0.35739,0.24288,0.19023,0.09436,1.93041,2.83603,1.18959,0.0462862,0.0042862,0.0042862
60,730.832,2.24817,2.24908,1.38278,0.45088,0.24257,0.20884,0.11417,2.06837,2.75442,1.20009,0.0453336,0.00433355,0.00433355
61,744.982,2.29658,2.15954,1.3821,0.45088,0.24257,0.20884,0.11417,2.06837,2.75442,1.20009,0.04438,0.00438,0.00438
62,762.141,2.1703,2.11293,1.33153,0.45088,0.24257,0.20884,0.11417,2.06837,2.75442,1.20009,0.0434256,0.00442555,0.00442555
63,775.969,2.16048,2.12614,1.2755,0.40955,0.30498,0.21449,0.10869,2.00024,2.41222,1.18919,0.0424702,0.0044702,0.0044702
64,787.575,2.04361,2.00496,1.34928,0.40955,0.30498,0.21449,0.10869,2.00024,2.41222,1.18919,0.041514,0.00451395,0.00451395
65,801.12,2.1315,1.92302,1.28748,0.40955,0.30498,0.21449,0.10869,2.00024,2.41222,1.18919,0.0405568,0.0045568,0.0045568
66,813.751,2.18282,2.08487,1.35679,0.45722,0.28555,0.22799,0.11277,2.03532,2.19488,1.20905,0.0395988,0.00459875,0.00459875
67,826.573,2.06641,1.94447,1.36122,0.45722,0.28555,0.22799,0.11277,2.03532,2.19488,1.20905,0.0386398,0.0046398,0.0046398
68,839.448,2.09829,2.14706,1.4196,0.45722,0.28555,0.22799,0.11277,2.03532,2.19488,1.20905,0.03768,0.00467995,0.00467995
69,850.88,2.03458,2.02508,1.33191,0.28452,0.23001,0.19602,0.08883,2.16928,2.48843,1.25612,0.0367192,0.0047192,0.0047192
70,862.589,2.38716,2.24183,1.36698,0.28452,0.23001,0.19602,0.08883,2.16928,2.48843,1.25612,0.0357575,0.00475755,0.00475755
71,874.019,2.13938,2.16407,1.33983,0.28452,0.23001,0.19602,0.08883,2.16928,2.48843,1.25612,0.034795,0.004795,0.004795
72,887.036,2.04794,1.98206,1.25578,0.30768,0.23249,0.20488,0.10926,1.96657,2.01648,1.21064,0.0338316,0.00483155,0.00483155
73,898.852,2.1013,2.14594,1.27074,0.30768,0.23249,0.20488,0.10926,1.96657,2.01648,1.21064,0.0328672,0.0048672,0.0048672
74,911.197,1.77586,1.91867,1.27827,0.30768,0.23249,0.20488,0.10926,1.96657,2.01648,1.21064,0.0319019,0.00490195,0.00490195
75,923.876,2.0321,2.13446,1.31854,0.52411,0.19495,0.28244,0.15948,1.98517,1.99099,1.20724,0.0309358,0.0049358,0.0049358
76,936.768,2.14151,1.95556,1.33842,0.52411,0.19495,0.28244,0.15948,1.98517,1.99099,1.20724,0.0299688,0.00496875,0.00496875
77,951.51,2.24393,2.04189,1.40016,0.52411,0.19495,0.28244,0.15948,1.98517,1.99099,1.20724,0.0290008,0.0050008,0.0050008
78,964.312,1.96733,1.98538,1.27255,0.34063,0.26776,0.21843,0.10804,2.06817,2.13128,1.17359,0.0280319,0.00503195,0.00503195
79,976.928,1.96586,2.0198,1.29487,0.34063,0.26776,0.21843,0.10804,2.06817,2.13128,1.17359,0.0270622,0.0050622,0.0050622
80,988.519,2.3228,1.97881,1.29803,0.34063,0.26776,0.21843,0.10804,2.06817,2.13128,1.17359,0.0260916,0.00509155,0.00509155
81,1000.07,1.82275,1.79487,1.22347,0.52421,0.26499,0.24729,0.11822,1.93205,1.88093,1.15447,0.02512,0.00512,0.00512
82,1011.72,2.033,1.92281,1.27161,0.52421,0.26499,0.24729,0.11822,1.93205,1.88093,1.15447,0.0241476,0.00514755,0.00514755
83,1023.78,2.23364,1.98835,1.34202,0.52421,0.26499,0.24729,0.11822,1.93205,1.88093,1.15447,0.0231742,0.0051742,0.0051742
84,1034.51,2.11272,1.82663,1.28147,0.33622,0.32825,0.29817,0.16659,1.97769,1.79738,1.14553,0.0221999,0.00519995,0.00519995
85,1044.75,2.0586,1.78806,1.24685,0.33622,0.32825,0.29817,0.16659,1.97769,1.79738,1.14553,0.0212248,0.0052248,0.0052248
86,1055.42,2.28232,1.89599,1.24886,0.33622,0.32825,0.29817,0.16659,1.97769,1.79738,1.14553,0.0202487,0.00524875,0.00524875
87,1066.26,2.03026,1.81091,1.32639,0.33622,0.32825,0.29817,0.16659,1.97769,1.79738,1.14553,0.0192718,0.0052718,0.0052718
88,1077.28,2.04987,1.93304,1.35204,0.26603,0.36599,0.30409,0.16075,1.95078,1.78078,1.16722,0.0182939,0.00529395,0.00529395
89,1088.28,2.15389,1.91685,1.30221,0.26603,0.36599,0.30409,0.16075,1.95078,1.78078,1.16722,0.0173152,0.0053152,0.0053152
90,1100.05,2.30472,1.97574,1.32841,0.26603,0.36599,0.30409,0.16075,1.95078,1.78078,1.16722,0.0163356,0.00533555,0.00533555
91,1111.32,1.99434,1.75616,1.25461,0.26603,0.36599,0.30409,0.16075,1.95078,1.78078,1.16722,0.015355,0.005355,0.005355
92,1122.95,2.22005,1.91483,1.26477,0.6006,0.18985,0.18468,0.08414,2.08311,1.97967,1.24934,0.0143735,0.00537355,0.00537355
93,1133.52,2.25218,1.98982,1.27611,0.6006,0.18985,0.18468,0.08414,2.08311,1.97967,1.24934,0.0133912,0.0053912,0.0053912
94,1145.47,2.01567,1.80008,1.32208,0.6006,0.18985,0.18468,0.08414,2.08311,1.97967,1.24934,0.012408,0.00540795,0.00540795
95,1158.96,1.93527,1.76271,1.23231,0.6006,0.18985,0.18468,0.08414,2.08311,1.97967,1.24934,0.0114238,0.0054238,0.0054238
96,1171.76,2.08467,1.8299,1.32626,0.53664,0.25847,0.25363,0.11927,1.95874,1.7376,1.16584,0.0104387,0.00543875,0.00543875
97,1183.24,1.90237,1.74312,1.24376,0.53664,0.25847,0.25363,0.11927,1.95874,1.7376,1.16584,0.0094528,0.0054528,0.0054528
98,1195.34,1.96169,1.71019,1.23577,0.53664,0.25847,0.25363,0.11927,1.95874,1.7376,1.16584,0.00846595,0.00546595,0.00546595
99,1207.34,2.09987,1.82359,1.27361,0.53664,0.25847,0.25363,0.11927,1.95874,1.7376,1.16584,0.0074782,0.0054782,0.0054782
100,1220.97,2.18856,1.87664,1.31565,0.47942,0.41533,0.34159,0.15438,1.85427,1.68843,1.12089,0.00648955,0.00548955,0.00548955
101,1236.12,2.00925,1.80929,1.30163,0.47942,0.41533,0.34159,0.15438,1.85427,1.68843,1.12089,0.0055,0.0055,0.0055
102,1251.06,1.93824,1.73155,1.28585,0.47942,0.41533,0.34159,0.15438,1.85427,1.68843,1.12089,0.005455,0.005455,0.005455
103,1265.12,2.02965,1.7489,1.22873,0.47942,0.41533,0.34159,0.15438,1.85427,1.68843,1.12089,0.00541,0.00541,0.00541
104,1279.56,2.05612,1.70307,1.26607,0.55801,0.29562,0.3376,0.17502,1.87606,1.62042,1.14766,0.005365,0.005365,0.005365
105,1296.9,1.97631,1.68818,1.23728,0.55801,0.29562,0.3376,0.17502,1.87606,1.62042,1.14766,0.00532,0.00532,0.00532
106,1313.5,1.94418,1.73383,1.2697,0.55801,0.29562,0.3376,0.17502,1.87606,1.62042,1.14766,0.005275,0.005275,0.005275
107,1329.32,2.19491,1.89504,1.31008,0.55801,0.29562,0.3376,0.17502,1.87606,1.62042,1.14766,0.00523,0.00523,0.00523
108,1342.82,2.08091,1.76519,1.27841,0.56379,0.31247,0.3222,0.1601,1.80228,1.65743,1.12315,0.005185,0.005185,0.005185
109,1356.24,1.99557,1.81999,1.31052,0.56379,0.31247,0.3222,0.1601,1.80228,1.65743,1.12315,0.00514,0.00514,0.00514
110,1368.99,2.09621,1.73577,1.27002,0.56379,0.31247,0.3222,0.1601,1.80228,1.65743,1.12315,0.005095,0.005095,0.005095
111,1381.69,1.91636,1.81342,1.21884,0.56379,0.31247,0.3222,0.1601,1.80228,1.65743,1.12315,0.00505,0.00505,0.00505
112,1394.43,2.1794,1.83085,1.30194,0.4503,0.35708,0.31582,0.17713,1.94412,1.7145,1.19326,0.005005,0.005005,0.005005
113,1405.57,1.76576,1.81896,1.16787,0.4503,0.35708,0.31582,0.17713,1.94412,1.7145,1.19326,0.00496,0.00496,0.00496
114,1417.9,1.95449,1.8369,1.2962,0.4503,0.35708,0.31582,0.17713,1.94412,1.7145,1.19326,0.004915,0.004915,0.004915
115,1428.73,1.87707,1.72941,1.20059,0.4503,0.35708,0.31582,0.17713,1.94412,1.7145,1.19326,0.00487,0.00487,0.00487
116,1441.17,1.78335,1.73649,1.22709,0.55397,0.33242,0.35249,0.19701,1.75611,1.57525,1.10517,0.004825,0.004825,0.004825
117,1452.95,1.89952,1.72808,1.22343,0.55397,0.33242,0.35249,0.19701,1.75611,1.57525,1.10517,0.00478,0.00478,0.00478
118,1464.75,1.86673,1.7483,1.25595,0.55397,0.33242,0.35249,0.19701,1.75611,1.57525,1.10517,0.004735,0.004735,0.004735
119,1477.11,1.87592,1.63056,1.22314,0.55397,0.33242,0.35249,0.19701,1.75611,1.57525,1.10517,0.00469,0.00469,0.00469
120,1488.47,1.80943,1.49896,1.20701,0.40427,0.33592,0.32334,0.17638,1.86459,1.62725,1.17107,0.004645,0.004645,0.004645
121,1499.55,1.9615,1.73509,1.25065,0.40427,0.33592,0.32334,0.17638,1.86459,1.62725,1.17107,0.0046,0.0046,0.0046
122,1510.06,1.86006,1.70836,1.24281,0.40427,0.33592,0.32334,0.17638,1.86459,1.62725,1.17107,0.004555,0.004555,0.004555
123,1521.55,2.06165,1.77025,1.28148,0.40427,0.33592,0.32334,0.17638,1.86459,1.62725,1.17107,0.00451,0.00451,0.00451
124,1532.63,2.00698,1.76718,1.3223,0.57123,0.36266,0.39174,0.21039,1.71422,1.46694,1.10174,0.004465,0.004465,0.004465
125,1544.98,1.88502,1.67534,1.21149,0.57123,0.36266,0.39174,0.21039,1.71422,1.46694,1.10174,0.00442,0.00442,0.00442
126,1555.98,1.76693,1.6576,1.2769,0.57123,0.36266,0.39174,0.21039,1.71422,1.46694,1.10174,0.004375,0.004375,0.004375
127,1567.64,1.99122,1.69198,1.25913,0.57123,0.36266,0.39174,0.21039,1.71422,1.46694,1.10174,0.00433,0.00433,0.00433
128,1578.47,1.97794,1.7066,1.17993,0.64354,0.38233,0.39062,0.21908,1.74976,1.49271,1.10642,0.004285,0.004285,0.004285
129,1590.22,1.9521,1.6523,1.25276,0.64354,0.38233,0.39062,0.21908,1.74976,1.49271,1.10642,0.00424,0.00424,0.00424
130,1601.6,1.95513,1.58405,1.21399,0.64354,0.38233,0.39062,0.21908,1.74976,1.49271,1.10642,0.004195,0.004195,0.004195
131,1612.15,1.70003,1.5041,1.19786,0.64354,0.38233,0.39062,0.21908,1.74976,1.49271,1.10642,0.00415,0.00415,0.00415
132,1622.59,1.90851,1.684,1.26942,0.66164,0.4102,0.421,0.25069,1.63134,1.39807,1.06867,0.004105,0.004105,0.004105
133,1633.35,1.89742,1.67876,1.22441,0.66164,0.4102,0.421,0.25069,1.63134,1.39807,1.06867,0.00406,0.00406,0.00406
134,1643.73,1.7323,1.55845,1.18632,0.66164,0.4102,0.421,0.25069,1.63134,1.39807,1.06867,0.004015,0.004015,0.004015
135,1654.21,1.75939,1.58033,1.18005,0.66164,0.4102,0.421,0.25069,1.63134,1.39807,1.06867,0.00397,0.00397,0.00397
136,1664.67,1.68702,1.55027,1.19202,0.48857,0.21852,0.22082,0.10005,2.05253,1.91187,1.28226,0.003925,0.003925,0.003925
137,1675,1.82427,1.63717,1.21479,0.48857,0.21852,0.22082,0.10005,2.05253,1.91187,1.28226,0.00388,0.00388,0.00388
138,1685.79,1.74038,1.51502,1.18794,0.48857,0.21852,0.22082,0.10005,2.05253,1.91187,1.28226,0.003835,0.003835,0.003835
139,1696.7,2.07039,1.91564,1.25768,0.48857,0.21852,0.22082,0.10005,2.05253,1.91187,1.28226,0.00379,0.00379,0.00379
140,1708.19,1.87193,1.63581,1.22861,0.6673,0.3242,0.37251,0.1897,1.80392,1.63009,1.12234,0.003745,0.003745,0.003745
141,1719.18,1.7031,1.4788,1.17901,0.6673,0.3242,0.37251,0.1897,1.80392,1.63009,1.12234,0.0037,0.0037,0.0037
142,1729.46,1.76415,1.54556,1.18502,0.6673,0.3242,0.37251,0.1897,1.80392,1.63009,1.12234,0.003655,0.003655,0.003655
143,1740.11,1.82854,1.61731,1.26538,0.6673,0.3242,0.37251,0.1897,1.80392,1.63009,1.12234,0.00361,0.00361,0.00361
144,1750.36,1.79437,1.58695,1.21368,0.58738,0.43081,0.42474,0.24522,1.64327,1.40232,1.09341,0.003565,0.003565,0.003565
145,1760.41,1.90968,1.63866,1.2757,0.58738,0.43081,0.42474,0.24522,1.64327,1.40232,1.09341,0.00352,0.00352,0.00352
146,1771.39,1.76098,1.5495,1.22154,0.58738,0.43081,0.42474,0.24522,1.64327,1.40232,1.09341,0.003475,0.003475,0.003475
147,1782.88,1.92317,1.67238,1.27914,0.58738,0.43081,0.42474,0.24522,1.64327,1.40232,1.09341,0.00343,0.00343,0.00343
148,1794.01,1.7197,1.4978,1.14801,0.63939,0.38451,0.4547,0.25893,1.58733,1.38941,1.05875,0.003385,0.003385,0.003385
149,1806.11,2.04855,1.75347,1.29,0.63939,0.38451,0.4547,0.25893,1.58733,1.38941,1.05875,0.00334,0.00334,0.00334
150,1817.34,1.65306,1.48694,1.1491,0.63939,0.38451,0.4547,0.25893,1.58733,1.38941,1.05875,0.003295,0.003295,0.003295
151,1829.05,1.67825,1.47561,1.17823,0.63939,0.38451,0.4547,0.25893,1.58733,1.38941,1.05875,0.00325,0.00325,0.00325
152,1840.92,1.65635,1.47391,1.15534,0.71881,0.42158,0.51195,0.30439,1.58693,1.3649,1.05949,0.003205,0.003205,0.003205
153,1851.72,1.91426,1.7252,1.25277,0.71881,0.42158,0.51195,0.30439,1.58693,1.3649,1.05949,0.00316,0.00316,0.00316
154,1863,1.80817,1.53941,1.21102,0.71881,0.42158,0.51195,0.30439,1.58693,1.3649,1.05949,0.003115,0.003115,0.003115
155,1873.64,1.68981,1.55568,1.23889,0.71881,0.42158,0.51195,0.30439,1.58693,1.3649,1.05949,0.00307,0.00307,0.00307
156,1884.81,1.96677,1.63909,1.20712,0.68943,0.42225,0.50652,0.32253,1.53562,1.28269,1.04929,0.003025,0.003025,0.003025
157,1895.92,1.63347,1.42783,1.11085,0.68943,0.42225,0.50652,0.32253,1.53562,1.28269,1.04929,0.00298,0.00298,0.00298
158,1907.71,1.80424,1.58304,1.22332,0.68943,0.42225,0.50652,0.32253,1.53562,1.28269,1.04929,0.002935,0.002935,0.002935
159,1919.18,1.73231,1.54878,1.15416,0.68943,0.42225,0.50652,0.32253,1.53562,1.28269,1.04929,0.00289,0.00289,0.00289
160,1931.14,1.77462,1.50907,1.18394,0.64807,0.47551,0.49989,0.29833,1.62187,1.37633,1.07809,0.002845,0.002845,0.002845
161,1944.31,1.80585,1.53158,1.18583,0.64807,0.47551,0.49989,0.29833,1.62187,1.37633,1.07809,0.0028,0.0028,0.0028
162,1958.69,1.83713,1.52855,1.1867,0.64807,0.47551,0.49989,0.29833,1.62187,1.37633,1.07809,0.002755,0.002755,0.002755
163,1970.3,1.74087,1.42515,1.13938,0.64807,0.47551,0.49989,0.29833,1.62187,1.37633,1.07809,0.00271,0.00271,0.00271
164,1984.59,1.81374,1.56323,1.22315,0.61662,0.3836,0.46804,0.25192,1.65802,1.43174,1.10591,0.002665,0.002665,0.002665
165,1997.02,1.73722,1.50908,1.16831,0.61662,0.3836,0.46804,0.25192,1.65802,1.43174,1.10591,0.00262,0.00262,0.00262
166,2008.64,1.57909,1.37386,1.1583,0.61662,0.3836,0.46804,0.25192,1.65802,1.43174,1.10591,0.002575,0.002575,0.002575
167,2020.3,1.78715,1.59112,1.26651,0.61662,0.3836,0.46804,0.25192,1.65802,1.43174,1.10591,0.00253,0.00253,0.00253
168,2030.7,1.57455,1.38866,1.14397,0.60729,0.47207,0.50822,0.27853,1.70058,1.37581,1.07924,0.002485,0.002485,0.002485
169,2041.79,1.64449,1.44018,1.11161,0.60729,0.47207,0.50822,0.27853,1.70058,1.37581,1.07924,0.00244,0.00244,0.00244
170,2052.55,1.78795,1.52057,1.22322,0.60729,0.47207,0.50822,0.27853,1.70058,1.37581,1.07924,0.002395,0.002395,0.002395
171,2062.78,1.56672,1.33367,1.15109,0.60729,0.47207,0.50822,0.27853,1.70058,1.37581,1.07924,0.00235,0.00235,0.00235
172,2074.96,2.00218,1.62499,1.23876,0.60869,0.44103,0.4541,0.24241,1.54963,1.4023,1.04944,0.002305,0.002305,0.002305
173,2085.65,1.65462,1.50118,1.14867,0.60869,0.44103,0.4541,0.24241,1.54963,1.4023,1.04944,0.00226,0.00226,0.00226
174,2096.44,1.84733,1.57882,1.23646,0.60869,0.44103,0.4541,0.24241,1.54963,1.4023,1.04944,0.002215,0.002215,0.002215
175,2106.58,1.8775,1.64879,1.22946,0.60869,0.44103,0.4541,0.24241,1.54963,1.4023,1.04944,0.00217,0.00217,0.00217
176,2117.31,1.76838,1.5593,1.19052,0.67283,0.45808,0.52133,0.30609,1.59019,1.33934,1.05886,0.002125,0.002125,0.002125
177,2128.41,1.57224,1.3553,1.11445,0.67283,0.45808,0.52133,0.30609,1.59019,1.33934,1.05886,0.00208,0.00208,0.00208
178,2140.03,1.54607,1.39964,1.1528,0.67283,0.45808,0.52133,0.30609,1.59019,1.33934,1.05886,0.002035,0.002035,0.002035
179,2151.2,1.93391,1.70047,1.27242,0.67283,0.45808,0.52133,0.30609,1.59019,1.33934,1.05886,0.00199,0.00199,0.00199
180,2161.68,1.57924,1.36317,1.13738,0.75874,0.42675,0.49461,0.29365,1.50344,1.31583,1.0606,0.001945,0.001945,0.001945
181,2171.97,1.66698,1.50206,1.18467,0.75874,0.42675,0.49461,0.29365,1.50344,1.31583,1.0606,0.0019,0.0019,0.0019
182,2182.48,1.73908,1.53887,1.12482,0.75874,0.42675,0.49461,0.29365,1.50344,1.31583,1.0606,0.001855,0.001855,0.001855
183,2193.19,1.82848,1.56881,1.24338,0.75874,0.42675,0.49461,0.29365,1.50344,1.31583,1.0606,0.00181,0.00181,0.00181
184,2203.46,1.59788,1.43684,1.12333,0.71945,0.47059,0.56274,0.34541,1.48303,1.25386,1.03251,0.001765,0.001765,0.001765
185,2213.71,1.69683,1.49213,1.20782,0.71945,0.47059,0.56274,0.34541,1.48303,1.25386,1.03251,0.00172,0.00172,0.00172
186,2224.63,1.6376,1.48796,1.19166,0.71945,0.47059,0.56274,0.34541,1.48303,1.25386,1.03251,0.001675,0.001675,0.001675
187,2235.11,1.51279,1.32802,1.14711,0.71945,0.47059,0.56274,0.34541,1.48303,1.25386,1.03251,0.00163,0.00163,0.00163
188,2244.16,1.43667,1.33254,1.12491,0.69893,0.49192,0.54638,0.32562,1.51815,1.24697,1.03877,0.001585,0.001585,0.001585
189,2254.49,1.70375,1.44318,1.21897,0.69893,0.49192,0.54638,0.32562,1.51815,1.24697,1.03877,0.00154,0.00154,0.00154
190,2264.71,1.68519,1.466,1.27403,0.69893,0.49192,0.54638,0.32562,1.51815,1.24697,1.03877,0.001495,0.001495,0.001495
191,2274.18,1.61152,1.77828,1.11952,0.69893,0.49192,0.54638,0.32562,1.51815,1.24697,1.03877,0.00145,0.00145,0.00145
192,2283.57,1.79791,1.73599,1.20277,0.69172,0.50371,0.53217,0.30991,1.60481,1.29248,1.05272,0.001405,0.001405,0.001405
193,2292.76,1.54935,1.53011,1.09526,0.69172,0.50371,0.53217,0.30991,1.60481,1.29248,1.05272,0.00136,0.00136,0.00136
194,2302.17,1.65925,1.66466,1.05251,0.69172,0.50371,0.53217,0.30991,1.60481,1.29248,1.05272,0.001315,0.001315,0.001315
195,2311.46,1.49416,1.48635,1.05431,0.69172,0.50371,0.53217,0.30991,1.60481,1.29248,1.05272,0.00127,0.00127,0.00127
196,2320.75,1.61145,1.56392,1.11264,0.65869,0.51016,0.58042,0.34459,1.56837,1.25085,1.03755,0.001225,0.001225,0.001225
197,2330.01,1.7651,1.65796,1.16273,0.65869,0.51016,0.58042,0.34459,1.56837,1.25085,1.03755,0.00118,0.00118,0.00118
198,2339.26,1.68185,1.57545,1.15529,0.65869,0.51016,0.58042,0.34459,1.56837,1.25085,1.03755,0.001135,0.001135,0.001135
199,2348.54,1.53739,1.49523,1.09216,0.65869,0.51016,0.58042,0.34459,1.56837,1.25085,1.03755,0.00109,0.00109,0.00109
200,2358.05,1.77202,1.73267,1.13909,0.57961,0.53419,0.57273,0.35748,1.53894,1.26185,1.02757,0.001045,0.001045,0.001045
